<?xml version="1.0" encoding="UTF-8"?>
<root>
  <item name="com.urbanairship.push.ChannelAPIClient ChannelAPIClient(com.urbanairship.http.RequestFactory)">
    <annotation name="android.support.annotation.VisibleForTesting" />
  </item>
  <item name="com.urbanairship.push.NamedUserAPIClient NamedUserAPIClient(com.urbanairship.http.RequestFactory)">
    <annotation name="android.support.annotation.VisibleForTesting" />
  </item>
  <item name="com.urbanairship.push.TagGroupsAPIClient TagGroupsAPIClient(com.urbanairship.AirshipConfigOptions, com.urbanairship.http.RequestFactory)">
    <annotation name="android.support.annotation.VisibleForTesting" />
  </item>
</root>

