<?xml version="1.0" encoding="UTF-8"?>
<root>
  <item name="com.urbanairship.actions.ActionRunRequest ActionRunRequest(com.urbanairship.actions.Action)">
    <annotation name="android.support.annotation.VisibleForTesting" />
  </item>
  <item name="com.urbanairship.actions.ActionRunRequest ActionRunRequest(java.lang.String, com.urbanairship.actions.ActionRegistry)">
    <annotation name="android.support.annotation.VisibleForTesting" />
  </item>
  <item name="com.urbanairship.actions.ActionRunRequest executor">
    <annotation name="android.support.annotation.VisibleForTesting" />
  </item>
  <item name="com.urbanairship.actions.ActionService ActionService(com.urbanairship.actions.ActionRunRequestFactory)">
    <annotation name="android.support.annotation.VisibleForTesting" />
  </item>
</root>

