<?xml version="1.0" encoding="UTF-8"?>
<root>
  <item name="com.urbanairship.push.iam.InAppMessage int getPosition()">
    <annotation name="android.support.annotation.IntDef">
      <val name="value" val="{com.urbanairship.push.iam.InAppMessage.POSITION_TOP, com.urbanairship.push.iam.InAppMessage.POSITION_BOTTOM}" />
    </annotation>
  </item>
  <item name="com.urbanairship.push.iam.InAppMessage.Builder com.urbanairship.push.iam.InAppMessage.Builder setPosition(int) 0">
    <annotation name="android.support.annotation.IntDef">
      <val name="value" val="{com.urbanairship.push.iam.InAppMessage.POSITION_TOP, com.urbanairship.push.iam.InAppMessage.POSITION_BOTTOM}" />
    </annotation>
  </item>
</root>

