<?xml version="1.0" encoding="UTF-8"?>
<root>
  <item name="com.urbanairship.analytics.ActivityMonitor void activityStarted(android.app.Activity, int, long) 1">
    <annotation name="android.support.annotation.IntDef">
      <val name="value" val="{com.urbanairship.analytics.ActivityMonitor.MANUAL_INSTRUMENTATION, com.urbanairship.analytics.ActivityMonitor.AUTO_INSTRUMENTATION}" />
    </annotation>
  </item>
  <item name="com.urbanairship.analytics.ActivityMonitor void activityStopped(android.app.Activity, int, long) 1">
    <annotation name="android.support.annotation.IntDef">
      <val name="value" val="{com.urbanairship.analytics.ActivityMonitor.MANUAL_INSTRUMENTATION, com.urbanairship.analytics.ActivityMonitor.AUTO_INSTRUMENTATION}" />
    </annotation>
  </item>
  <item name="com.urbanairship.analytics.ActivityState autoInstrumentedState">
    <annotation name="android.support.annotation.IntDef">
      <val name="value" val="{com.urbanairship.analytics.ActivityState.STARTED, com.urbanairship.analytics.ActivityState.STOPPED, com.urbanairship.analytics.ActivityState.NONE}" />
    </annotation>
  </item>
  <item name="com.urbanairship.analytics.ActivityState manualInstrumentedState">
    <annotation name="android.support.annotation.IntDef">
      <val name="value" val="{com.urbanairship.analytics.ActivityState.STARTED, com.urbanairship.analytics.ActivityState.STOPPED, com.urbanairship.analytics.ActivityState.NONE}" />
    </annotation>
  </item>
  <item name="com.urbanairship.analytics.ActivityState void setStarted(int, long) 0">
    <annotation name="android.support.annotation.IntDef">
      <val name="value" val="{com.urbanairship.analytics.ActivityMonitor.MANUAL_INSTRUMENTATION, com.urbanairship.analytics.ActivityMonitor.AUTO_INSTRUMENTATION}" />
    </annotation>
  </item>
  <item name="com.urbanairship.analytics.ActivityState void setStopped(int, long) 0">
    <annotation name="android.support.annotation.IntDef">
      <val name="value" val="{com.urbanairship.analytics.ActivityMonitor.MANUAL_INSTRUMENTATION, com.urbanairship.analytics.ActivityMonitor.AUTO_INSTRUMENTATION}" />
    </annotation>
  </item>
  <item name="com.urbanairship.analytics.Analytics void reportActivityStarted(android.app.Activity, int, long) 1">
    <annotation name="android.support.annotation.IntDef">
      <val name="value" val="{com.urbanairship.analytics.ActivityMonitor.MANUAL_INSTRUMENTATION, com.urbanairship.analytics.ActivityMonitor.AUTO_INSTRUMENTATION}" />
    </annotation>
  </item>
  <item name="com.urbanairship.analytics.Analytics void reportActivityStopped(android.app.Activity, int, long) 1">
    <annotation name="android.support.annotation.IntDef">
      <val name="value" val="{com.urbanairship.analytics.ActivityMonitor.MANUAL_INSTRUMENTATION, com.urbanairship.analytics.ActivityMonitor.AUTO_INSTRUMENTATION}" />
    </annotation>
  </item>
  <item name="com.urbanairship.analytics.EventAPIClient EventAPIClient(com.urbanairship.http.RequestFactory)">
    <annotation name="android.support.annotation.VisibleForTesting" />
  </item>
</root>

